University,Country,Number_students,Numb_students_per_Staff,Score_Result,Rank
University of Oxford,United Kingdom,20.664,11.2,95.4,1
California Institute of Technology,United States,2.24,6.4,94.5,2
University of Cambridge,United Kingdom,18.977999999999998,10.9,94.4,3
Stanford University,United States,16.135,7.3,94.3,4
Massachusetts Institute of Technology,United States,11.247,8.6,93.6,5
Princeton University,United States,7.983,8.1,93.2,6
Harvard University,United States,20.823,9.2,93.0,7
Yale University,United States,12.402000000000001,5.4,91.7,8
University of Chicago,United States,13.833,5.7,90.2,9
Imperial College London,United Kingdom,16.76,11.7,89.8,10
University of Pennsylvania,United States,20.578000000000003,6.5,89.6,11
Johns Hopkins University,United States,16.171,4.5,89.2,12
"University of California, Berkeley",United States,41.081,13.7,88.3,13
ETH Zurich,Switzerland,18.956,12.5,88.3,13
UCL,United Kingdom,32.665,10.6,87.1,14
Columbia University,United States,26.586,5.8,87.0,15
"University of California, Los Angeles",United States,41.066,9.4,86.8,16
University of Toronto,Canada,73.37,20.1,85.5,17
Cornell University,United States,22.319000000000003,9.8,85.1,18
Duke University,United States,15.309000000000001,4.3,84.0,19
University of Michigan-Ann Arbor,United States,42.982,8.3,83.8,20
Northwestern University,United States,17.951,12.8,83.5,21
Tsinghua University,China,38.783,12.0,82.6,22
Peking University,China,39.575,11.5,82.3,23
National University of Singapore,Singapore,30.869,17.9,81.9,24
University of Washington,United States,45.692,11.1,81.6,25
Carnegie Mellon University,United States,13.43,13.6,81.3,26
London School of Economics and Political Science,United Kingdom,10.57,12.1,81.3,26
New York University,United States,44.466,8.9,81.1,27
University of Edinburgh,United Kingdom,29.433000000000003,12.8,79.3,28
"University of California, San Diego",United States,33.579,13.0,78.8,29
LMU Munich,Germany,34.519,34.7,77.8,30
University of Melbourne,Australia,47.385,26.3,77.8,30
University of British Columbia,Canada,52.108000000000004,18.1,76.3,31
University of Hong Kong,Hong Kong,18.26,18.2,75.9,32
King�s College London,United Kingdom,26.057,12.5,75.7,33
The University of Tokyo,Japan,25.913,10.6,75.7,33
�cole Polytechnique F�d�rale de Lausanne,Switzerland,10.492,11.4,75.4,34
Georgia Institute of Technology,United States,21.372,18.3,75.4,34
University of Texas at Austin,United States,49.165,17.2,75.4,34
Karolinska Institute,Sweden,7.777,9.0,74.7,35
McGill University,Canada,31.294,13.0,74.3,36
Technical University of Munich,Germany,40.472,47.8,74.1,37
Heidelberg University,Germany,20.8,16.1,73.5,38
KU Leuven,Belgium,45.049,36.3,73.2,39
Paris Sciences et Lettres � PSL Research University Paris,France,21.298000000000002,11.5,73.2,39
The Hong Kong University of Science and Technology,Hong Kong,10.125,22.3,73.1,40
University of Illinois at Urbana-Champaign,United States,44.916000000000004,17.9,73.0,41
"Nanyang Technological University, Singapore",Singapore,25.088,15.9,72.9,42
Australian National University,Australia,17.359,17.8,72.1,43
University of Wisconsin-Madison,United States,39.154,10.0,72.0,44
Washington University in St Louis,United States,13.401,7.5,71.5,45
Brown University,United States,9.391,10.8,70.0,46
University of North Carolina at Chapel Hill,United States,35.419000000000004,9.4,69.9,47
"University of California, Davis",United States,39.164,12.0,69.7,48
University of Manchester,United Kingdom,37.038000000000004,14.4,69.7,48
"University of California, Santa Barbara",United States,24.089000000000002,27.6,69.6,49
Chinese University of Hong Kong,Hong Kong,18.34,18.6,69.6,49
Wageningen University & Research,Netherlands,13.914000000000001,21.3,69.4,50
University of Sydney,Australia,45.111000000000004,20.1,69.3,51
Boston University,United States,25.662,11.6,68.4,52
University of Amsterdam,Netherlands,26.723000000000003,13.5,68.1,53
University of Southern California,United States,36.929,11.7,68.1,53
Seoul National University,South Korea,26.182,12.4,68.0,54
Kyoto University,Japan,22.566,9.0,67.7,55
University of Queensland,Australia,39.144,35.7,67.4,56
Delft University of Technology,Netherlands,18.743,20.2,66.7,57
Leiden University,Netherlands,28.741,18.7,66.7,57
Erasmus University Rotterdam,Netherlands,23.166999999999998,20.4,66.3,58
Ohio State University (Main campus),United States,54.372,12.5,66.1,59
UNSW Sydney,Australia,44.336000000000006,35.7,65.9,60
McMaster University,Canada,24.412,28.1,65.4,61
University of Groningen,Netherlands,27.228,23.8,65.0,62
Humboldt University of Berlin,Germany,33.463,56.1,65.0,62
Monash University,Australia,52.989,33.9,64.7,63
Utrecht University,Netherlands,31.833000000000002,14.2,64.7,63
University of Warwick,United Kingdom,20.599,13.2,64.6,64
Penn State (Main campus),United States,46.20399999999999,15.3,64.3,65
University of Minnesota,United States,61.12,12.4,64.1,66
Charit� - Universit�tsmedizin Berlin,Germany,7.0760000000000005,17.6,64.0,67
Emory University,United States,12.735,4.0,64.0,67
University of Science and Technology of China,China,16.245,7.7,64.0,67
Sorbonne University,France,43.076,13.5,64.0,67
Michigan State University,United States,44.788999999999994,16.5,63.9,68
University of Montreal,Canada,36.794000000000004,20.2,63.3,69
University of Freiburg,Germany,21.475,42.8,63.3,69
University of Bristol,United Kingdom,21.783,13.6,63.2,70
Purdue University West Lafayette,United States,40.451,15.7,63.1,71
Sungkyunkwan University (SKKU),South Korea,23.342,19.5,63.0,72
University of Zurich,Switzerland,22.609,12.3,62.8,73
"University of Maryland, College Park",United States,33.108000000000004,16.6,62.8,73
University of T�bingen,Germany,27.901,37.5,62.7,74
�cole Polytechnique,France,3.03,5.7,62.6,75
University of Basel,Switzerland,11.517999999999999,15.8,62.4,76
Dartmouth College,United States,6.247000000000001,7.7,62.4,76
"University of California, Irvine",United States,32.705999999999996,16.5,62.3,77
University of Helsinki,Finland,22.072,16.6,62.3,77
Lund University,Sweden,27.266,12.1,62.2,78
University of Glasgow,United Kingdom,25.357,15.4,62.2,78
RWTH Aachen University,Germany,45.376999999999995,61.1,62.2,78
University of Copenhagen,Denmark,31.219,4.3,62.1,79
Uppsala University,Sweden,25.438000000000002,16.7,61.9,80
Georgetown University,United States,16.279,8.5,61.8,81
University of Arizona,United States,39.124,18.4,61.8,81
Rice University,United States,6.667000000000001,8.9,61.7,82
University of Bonn,Germany,36.352,67.7,61.6,83
University of Virginia (Main campus),United States,23.116,8.6,61.5,84
Zhejiang University,China,33.427,10.7,61.5,84
Fudan University,China,32.537,11.2,61.4,85
Korea Advanced Institute of Science and Technology (KAIST),South Korea,9.481,10.2,61.3,86
Queen Mary University of London,United Kingdom,17.799,14.1,61.3,86
University of Birmingham,United Kingdom,29.541999999999998,15.5,60.9,87
University of Bern,Switzerland,11.09,16.5,60.4,88
University of Pittsburgh-Pittsburgh campus,United States,26.651999999999997,5.8,60.4,88
Aarhus University,Denmark,26.842,14.4,60.3,89
Vanderbilt University,United States,12.005999999999998,3.0,60.3,89
Free University of Berlin,Germany,35.894,58.2,60.1,90
University of Sheffield,United Kingdom,26.218000000000004,15.0,60.1,90
Case Western Reserve University,United States,10.654000000000002,8.8,60.0,91
University of Adelaide,Australia,21.093000000000004,29.9,59.9,92
National Taiwan University,Taiwan,27.254,11.1,59.9,92
University of Southampton,United Kingdom,23.863000000000003,13.7,59.8,93
Ghent University,Belgium,38.08,37.0,59.6,94
University of Colorado Boulder,United States,33.186,16.3,59.6,94
University of G�ttingen,Germany,30.773000000000003,29.1,59.6,94
City University of Hong Kong,Hong Kong,9.587,11.0,59.3,95
Maastricht University,Netherlands,16.857,18.6,59.0,96
Radboud University Nijmegen,Netherlands,20.024,17.5,58.9,97
University of York,United Kingdom,16.058,14.9,58.9,97
University of Paris,France,61.39,15.5,58.8,98
University of Oslo,Norway,20.783,12.6,58.7,99
University of Western Australia,Australia,18.4,23.2,58.7,99
Durham University,United Kingdom,16.963,14.8,58.5,100
Indiana University,United States,66.872,13.6,58.4,101
University of Vienna,Austria,33.547,40.2,58.4,101
University of Alberta,Canada,31.919,21.0,58.2,102
University of Cape Town,South Africa,21.811999999999998,11.9,58.2,102
Vrije Universiteit Amsterdam,Netherlands,23.025,16.5,58.1,103
Tufts University,United States,11.017000000000001,9.8,58.0,104
Lancaster University,United Kingdom,12.657,12.5,57.9,105
University of Ottawa,Canada,35.365,24.7,57.8,106
Ulm University,Germany,10.629000000000001,27.7,57.8,106
Pompeu Fabra University,Spain,11.636,21.6,57.8,106
University of Geneva,Switzerland,16.935,15.6,57.6,107
Nanjing University,China,34.569,15.5,57.6,107
University of Exeter,United Kingdom,21.451,17.6,57.4,108
Pohang University of Science and Technology (POSTECH),South Korea,3.215,10.3,57.4,108
University of Sussex,United Kingdom,14.978,16.1,57.4,108
University of Hamburg,Germany,30.375,59.3,57.3,109
Sant�Anna School of Advanced Studies � Pisa,Italy,776.0,12.4,57.3,109
Technical University of Berlin,Germany,22.622,60.6,57.3,109
Universit� Catholique de Louvain,Belgium,26.235,39.3,57.2,110
University of Nottingham,United Kingdom,29.699,14.6,57.2,110
Scuola Normale Superiore di Pisa,Italy,558.0,6.8,57.2,110
Arizona State University (Tempe),United States,46.683,21.1,57.1,111
University of Leeds,United Kingdom,30.236,14.2,57.1,111
Autonomous University of Barcelona,Spain,31.877,12.6,56.9,112
University of Cologne,Germany,36.965,36.5,56.9,112
University of Mannheim,Germany,10.73,79.9,56.9,112
University of Notre Dame,United States,12.104000000000001,13.7,56.9,112
Shanghai Jiao Tong University,China,38.853,11.1,56.9,112
TU Dresden,Germany,32.309,34.2,56.9,112
University of W�rzburg,Germany,24.081999999999997,36.6,56.8,113
Trinity College Dublin,Ireland,16.852999999999998,21.9,56.4,114
University of Liverpool,United Kingdom,23.057,13.8,56.3,115
Bielefeld University,Germany,24.875,77.5,56.1,116
University of Leicester,United Kingdom,14.645,14.3,56.1,116
University of Aberdeen,United Kingdom,12.399000000000001,15.7,56.0,117
University of Bologna,Italy,65.819,24.0,56.0,117
"Rutgers, the State University of New Jersey",United States,44.801,11.2,56.0,117
Hong Kong Polytechnic University,Hong Kong,20.387999999999998,23.1,55.9,118
University of Alabama at Birmingham,United States,16.927,16.7,55.7,119
Northeastern University,United States,19.575,13.9,55.6,120
University of Rochester,United States,9.824,4.2,55.6,120
University of Florida,United States,46.641999999999996,16.8,55.4,121
Karlsruhe Institute of Technology,Germany,27.255,25.6,55.4,121
Stockholm University,Sweden,27.185,19.5,55.4,121
Texas A&M University,United States,60.818000000000005,24.8,55.3,122
University of Auckland,New Zealand,32.821,22.1,55.3,122
"University of California, Santa Cruz",United States,18.783,23.0,55.2,123
Korea University,South Korea,22.965,16.0,55.2,123
Queensland University of Technology,Australia,34.871,38.2,55.2,123
University of Erlangen-Nuremberg,Germany,38.111,57.0,54.8,124
Aalto University,Finland,12.195,18.6,54.8,124
Technical University of Denmark,Denmark,9.265,6.6,54.8,124
Eindhoven University of Technology,Netherlands,8.917,20.7,54.7,125
University of Gothenburg,Sweden,19.677,10.2,54.7,125
T�l�com Paris,France,923.0,5.6,54.6,126
Lomonosov Moscow State University,Russian Federation,29.235,7.3,54.3,127
University of M�nster,Germany,43.835,43.4,54.3,127
Tel Aviv University,Israel,22.414,22.3,54.3,127
University of East Anglia,United Kingdom,15.195,13.9,54.2,128
University of Canberra,Australia,10.823,36.2,54.1,129
University of Duisburg-Essen,Germany,42.698,53.0,54.0,130
University of Technology Sydney,Australia,26.385,43.4,54.0,130
University of the Witwatersrand,South Africa,28.521,26.3,54.0,130
Yonsei University (Seoul campus),South Korea,17.744,14.6,53.9,131
Cardiff University,United Kingdom,25.500999999999998,13.5,53.9,131
University of Antwerp,Belgium,15.165999999999999,29.3,53.8,132
George Washington University,United States,23.488000000000003,13.1,53.8,132
University of Lausanne,Switzerland,12.197000000000001,9.6,53.8,132
University of St Andrews,United Kingdom,9.213,12.7,53.7,133
University of Luxembourg,Luxembourg,4.654,18.7,53.7,133
Newcastle University,United Kingdom,22.691,14.1,53.6,134
Macquarie University,Australia,30.234,68.6,53.3,135
Queen�s University Belfast,United Kingdom,17.747,17.2,53.3,135
Aalborg University,Denmark,16.34,13.6,53.2,136
Ulsan National Institute of Science and Technology (UNIST),South Korea,4.127,13.9,53.2,136
Western University,Canada,29.865,23.1,53.2,136
University of Massachusetts,United States,61.20399999999999,13.0,52.9,137
University of Calgary,Canada,28.56,16.0,52.8,138
University of Bergen,Norway,14.007,12.5,52.7,139
University of Hohenheim,Germany,9.234,37.8,52.6,140
University of Barcelona,Spain,46.214,11.8,52.4,141
�cole Normale Sup�rieure de Lyon,France,2.362,8.9,52.3,142
Royal College of Surgeons in Ireland (RCSI),Ireland,2.265,21.1,52.3,142
Hebrew University of Jerusalem,Israel,16.137,12.0,52.2,143
University of South Florida (Tampa),United States,33.885,18.9,51.9,144
University of Otago,New Zealand,18.195999999999998,20.0,51.8,145
King Abdulaziz University,Saudi Arabia,32.853,7.9,51.7,146
University of Utah,United States,30.365,14.2,51.7,146
Vita-Salute San Raffaele University,Italy,2.61,10.7,51.7,146
KTH Royal Institute of Technology,Sweden,12.659,15.7,51.6,147
Tilburg University,Netherlands,8.033,21.4,51.6,147
University of Konstanz,Germany,11.387,56.1,51.5,148
Medical University of Graz,Austria,3.352,10.9,51.4,149
Medical University of Vienna,Austria,7.142,8.1,51.4,149
University of Iowa,United States,28.945,11.6,51.3,150
Paris-Sud University,France,28.726,14.5,51.3,150
Universit� Libre de Bruxelles,Belgium,27.194000000000003,36.2,51.2,151
University of Miami,United States,15.970999999999998,6.3,51.2,151
University of Reading,United Kingdom,14.107000000000001,14.9,51.2,151
University of Dundee,United Kingdom,12.122,17.6,51.1,152
University of Hawai�i at M?noa,United States,15.054,10.8,50.9,153
Moscow Institute of Physics and Technology,Russian Federation,5.716,11.2,50.7,154
Vrije Universiteit Brussel,Belgium,11.370999999999999,28.4,50.6,155
Howard University,United States,8.449,7.5,50.5,156
University of Waterloo,Canada,33.519,23.6,50.5,156
William & Mary,United States,8.235,11.4,50.5,156
University of Wollongong,Australia,18.642,31.5,50.5,156
Copenhagen Business School,Denmark,16.317,30.9,50.4,157
Griffith University,Australia,34.12,23.6,50.4,157
University of Padua,Italy,45.169,21.3,50.4,157
Virginia Polytechnic Institute and State University,United States,32.838,18.3,50.4,157
Brandeis University,United States,5.375,12.2,50.3,158
James Cook University,Australia,11.491,21.2,50.3,158
University College Dublin,Ireland,22.541,23.1,50.3,158
"St George�s, University of London",United Kingdom,3.2260000000000004,14.7,50.2,159
University of Twente,Netherlands,7.584,13.9,50.2,159
Wake Forest University,United States,7.675,4.0,50.1,160
"University of California, Riverside",United States,22.272,18.0,50.1,160
Higher School of Economics,Russian Federation,22.111,13.1,50.0,161
University of Passau,Germany,11.387,86.6,49.9,162
University of South Australia,Australia,20.268,30.5,49.8,163
University of Illinois at Chicago,United States,27.031,11.5,49.6,164
Chalmers University of Technology,Sweden,9.209,12.5,49.5,165
Alfaisal University,Saudi Arabia,2.5660000000000003,10.4,49.4,166
Curtin University,Australia,29.214000000000002,20.2,49.3,167
Queen�s University,Canada,23.305999999999997,25.1,49.2,168
Sapienza University of Rome,Italy,71.318,21.3,49.2,168
University of Cincinnati,United States,28.434,20.4,49.1,169
University of Surrey,United Kingdom,13.125,16.0,49.1,169
Tohoku University,Japan,17.735,8.2,49.1,169
University at Buffalo,United States,25.849,17.4,49.0,170
Auckland University of Technology,New Zealand,18.035,17.1,48.9,171
�cole des Ponts ParisTech,France,2.005,11.3,48.9,171
Oregon Health and Science University,United States,2.895,1.0,48.8,172
University of S�o Paulo,Brazil,83.214,15.9,48.8,172
Swansea University,United Kingdom,16.445,16.7,48.8,172
Dalhousie University,Canada,15.196,14.7,48.6,173
Flinders University,Australia,16.844,25.8,48.6,173
University of Navarra,Spain,10.833,13.0,48.6,173
University of Potsdam,Germany,20.063,53.9,48.6,173
University of Essex,United Kingdom,11.923,16.1,48.5,174
Laval University,Canada,29.25,17.3,48.5,174
Medical University of Innsbruck,Austria,2.966,4.3,48.5,174
Simon Fraser University,Canada,26.521,27.3,48.5,174
Florida State University,United States,38.52,24.1,48.4,175
University of Kiel,Germany,26.412,22.2,48.4,175
University of Bath,United Kingdom,13.825,16.4,48.3,176
Ruhr University Bochum,Germany,43.015,60.5,48.3,176
University of Southern Denmark,Denmark,21.281,12.1,48.2,177
George Mason University,United States,29.377,18.0,48.1,178
Macau University of Science and Technology,Macao,9.924,24.4,48.1,178
"Royal Holloway, University of London",United Kingdom,9.503,15.2,48.1,178
Tampere University,Finland,15.149000000000001,21.8,47.9,179
Western Sydney University,Australia,32.259,35.7,47.9,179
Autonomous University of Madrid,Spain,29.576,13.4,47.8,180
University of Oregon,United States,22.143,10.8,47.7,181
La Trobe University,Australia,22.291999999999998,33.9,47.6,182
Technical University of Darmstadt,Germany,18.166,40.8,47.6,182
University of Oulu,Finland,10.086,30.0,47.5,183
Brighton and Sussex Medical School,United Kingdom,879.0,11.3,47.4,184
University of Stuttgart,Germany,26.004,45.8,47.4,184
Syracuse University,United States,20.236,15.7,47.4,184
University of Delaware,United States,20.566,17.0,47.3,185
Heriot-Watt University,United Kingdom,9.189,17.2,47.2,186
Stellenbosch University,South Africa,24.308000000000003,26.1,47.1,187
"National University of Ireland, Galway",Ireland,13.911,26.6,47.0,188
Sun Yat-sen University,China,53.603,16.6,46.9,189
Tokyo Institute of Technology,Japan,9.752,7.7,46.9,189
Anglia Ruskin University,United Kingdom,18.022000000000002,23.1,46.8,190
Indian Institute of Science,India,4.128,9.6,46.8,190
University of New Mexico (Main campus),United States,19.382,17.1,46.8,190
Stony Brook University,United States,24.201,10.5,46.7,191
University of Fribourg,Switzerland,10.887,32.3,46.6,192
Goethe University Frankfurt,Germany,47.141000000000005,19.6,46.6,192
Johannes Gutenberg University of Mainz,Germany,31.919,26.9,46.5,193
University of Macau,Macao,9.34,14.4,46.5,193
University of Trento,Italy,12.92,19.5,46.5,193
North Carolina State University,United States,30.230999999999998,12.5,46.4,194
University of Newcastle,Australia,22.1,20.7,46.3,195
Temple University,United States,35.814,13.0,46.3,195
Huazhong University of Science and Technology,China,56.379,16.5,46.2,196
Nova Southeastern University,United States,17.785,23.4,46.2,196
Swedish University of Agricultural Sciences,Sweden,3.737,4.5,46.2,196
United Arab Emirates University,United Arab Emirates,7.523,9.2,46.2,196
Nagoya University,Japan,15.675999999999998,9.2,46.1,197
Southern University of Science and Technology (SUSTech),China,3.198,9.5,46.1,197
University of Klagenfurt,Austria,3.639,10.8,46.0,198
Kyung Hee University,South Korea,22.101999999999997,17.3,46.0,198
University of Tartu,Estonia,8.532,11.6,46.0,198
University of Texas at Dallas,United States,22.756999999999998,21.6,46.0,198
Boston College,United States,12.904000000000002,15.7,45.9,199
University of Malaya,Malaysia,15.14,8.0,45.9,199
University of Marburg,Germany,25.541,34.7,45.9,199
Maynooth University,Ireland,9.291,28.3,45.9,199
Tulane University,United States,11.185,9.8,45.8,200
Cyprus University of Technology,Cyprus,3.228,17.4,45.7,201
Aix-Marseille University,France,67.857,16.6,45.6,202
Grenoble Alpes University,France,41.411,17.6,45.6,202
University of Li�ge,Belgium,20.888,27.0,45.6,202
Deakin University,Australia,39.305,28.6,45.5,203
Reykjav�k University,Iceland,2.8789999999999996,24.9,45.5,203
The University of Tennessee-Knoxville,United States,25.906999999999996,16.8,45.5,203
Jacobs University,Germany,1.1420000000000001,16.2,45.4,204
University of Canterbury,New Zealand,13.089,18.0,45.2,205
University of Milan,Italy,45.451,21.4,45.2,205
Rush University,United States,2.425,2.0,45.2,205
Beijing Normal University,China,23.524,15.4,45.1,206
Ume� University,Sweden,17.373,12.5,45.0,207
Universit� della Svizzera Italiana,Switzerland,2.7680000000000002,10.8,44.9,208
University College Cork,Ireland,16.861,18.0,44.9,208
Colorado School of Mines,United States,5.768,16.7,44.8,209
Osaka University,Japan,22.892,7.4,44.8,209
Montpellier University,France,39.405,19.5,44.7,210
University of Tasmania,Australia,18.219,24.9,44.7,210
Polytechnic University of Milan,Italy,35.184,25.0,44.6,211
Indian Institute of Technology Ropar,India,1.119,7.6,44.5,212
Victoria University,Australia,14.815,32.2,44.5,212
University of Denver,United States,9.535,13.0,44.4,213
State University of New York Albany,United States,15.947000000000001,16.6,44.4,213
University of Stirling,United Kingdom,9.25,15.8,44.4,213
Wayne State University,United States,22.295,11.3,44.4,213
"University of California, Merced",United States,7.324,20.9,44.3,214
TU Dortmund University,Germany,34.266999999999996,108.8,44.3,214
University of Turku,Finland,12.785,16.3,44.3,214
Wuhan University,China,52.501999999999995,14.6,44.3,214
Universit� de Versailles Saint-Quentin-en-Yvelines,France,16.621,21.2,44.2,215
Washington State University,United States,27.956999999999997,18.1,44.2,215
University of Bremen,Germany,18.915,31.9,44.1,216
Vienna University of Technology,Austria,10.464,19.9,44.1,216
"Birkbeck, University of London",United Kingdom,8.631,15.8,44.0,217
Khalifa University,United Arab Emirates,3.6510000000000002,9.5,44.0,217
University of Kent,United Kingdom,17.754,20.0,43.9,218
National Tsing Hua University,Taiwan,14.853,18.0,43.8,219
"Goldsmiths, University of London",United Kingdom,8.486,15.3,43.7,220
University of Iceland,Iceland,8.135,13.9,43.7,220
Nankai University,China,28.061,13.3,43.7,220
University of Pisa,Italy,33.726,22.4,43.7,220
Taipei Medical University,Taiwan,5.973,10.2,43.7,220
University of Salerno,Italy,24.29,25.8,43.6,221
University of Manitoba,Canada,29.311,29.4,43.5,222
Oregon State University,United States,24.798000000000002,16.0,43.4,223
University of Crete,Greece,13.321,23.4,43.3,224
Hasselt University,Belgium,5.189,31.1,43.3,224
Loughborough University,United Kingdom,14.749,14.3,43.3,224
"University of Occupational and Environmental Health, Japan",Japan,1.1420000000000001,2.6,43.3,224
Babol Noshirvani University of Technology,Iran,5.744,29.6,43.2,225
University of Bayreuth,Germany,9.255,29.7,43.2,225
Brunel University London,United Kingdom,10.960999999999999,16.3,43.2,225
University of Florence,Italy,34.686,20.4,43.2,225
Northumbria University,United Kingdom,21.811,17.5,43.2,225
Jordan University of Science and Technology,Jordan,21.511999999999997,13.4,43.1,226
University of Perugia,Italy,24.83,32.3,43.1,226
American University of Beirut,Lebanon,8.401,8.5,43.0,227
Australian Catholic University,Australia,23.886,43.5,43.0,227
Clark University,United States,3.045,11.5,43.0,227
�rebro University,Sweden,9.735,18.5,43.0,227
Swinburne University of Technology,Australia,14.379000000000001,27.9,42.9,228
Catholic University of Portugal,Portugal,10.998,26.7,42.8,229
Justus Liebig University Giessen,Germany,28.575,46.8,42.8,229
RMIT University,Australia,33.848,22.4,42.8,229
University of Connecticut,United States,32.446,15.2,42.7,230
Hanyang University,South Korea,20.087,15.7,42.7,230
IMT Atlantique,France,1.676,8.2,42.7,230
University of Alaska Fairbanks,United States,3.593,8.7,42.6,231
Indian Institute of Technology Indore,India,1.128,9.7,42.5,232
University of Naples Federico II,Italy,49.604,19.6,42.5,232
Hofstra University,United States,10.066,13.9,42.4,233
Iowa State University,United States,32.469,18.8,42.4,233
Universiti Brunei Darussalam,Brunei Darussalam,3.83,10.9,42.3,234
University of C�te d�Azur,France,36.705999999999996,23.0,42.3,234
University of Georgia,United States,35.164,16.3,42.3,234
University of KwaZulu-Natal,South Africa,36.66,29.2,42.3,234
University of the Philippines,Philippines,39.876999999999995,8.4,42.3,234
University of Siena,Italy,12.636,14.8,42.3,234
Link�ping University,Sweden,18.544,11.2,42.2,235
Qatar University,Qatar,15.585,17.3,42.2,235
University of Kansas,United States,24.526,9.9,42.1,236
Royal Veterinary College,United Kingdom,2.0669999999999997,10.9,42.0,237
University of Turin,Italy,55.957,29.6,42.0,237
Cankaya University,Turkey,9.164,28.4,41.9,238
Technion Israel Institute of Technology,Israel,14.703,21.8,41.9,238
Tokyo Medical and Dental University (TMDU),Japan,2.9989999999999997,3.3,41.9,238
University of Innsbruck,Austria,14.128,12.6,41.8,239
University of Eastern Finland,Finland,11.63,18.5,41.7,240
University of Milan-Bicocca,Italy,26.509,28.9,41.7,240
York University,Canada,46.683,35.4,41.7,240
University of Missouri-St Louis,United States,7.019,16.0,41.6,241
University of Nebraska-Lincoln,United States,24.61,17.2,41.6,241
UiT The Arctic University of Norway,Norway,16.475,13.0,41.6,241
"City, University of London",United Kingdom,14.362,18.5,41.5,242
University of Peradeniya,Sri Lanka,17.482,10.8,41.4,243
Harbin Institute of Technology,China,29.603,9.9,41.3,244
University of Missouri-Columbia,United States,28.513,13.3,41.3,244
Norwegian University of Science and Technology,Norway,35.181,15.8,41.3,244
American University,United States,11.75,11.0,41.2,245
Georgia State University,United States,29.29,14.4,41.2,245
Sabanc? University,Turkey,3.605,21.5,41.2,245
Aberystwyth University,United Kingdom,6.8660000000000005,16.2,41.1,246
University of Alabama,United States,35.12,22.5,41.1,246
University of Bordeaux,France,54.965,21.6,41.1,246
Drexel University,United States,19.801,11.1,41.1,246
Pontifical Javeriana University,Colombia,30.048000000000002,15.4,41.1,246
University of Strathclyde,United Kingdom,18.517,19.0,41.1,246
Centrale Nantes,France,1.706,16.1,41.0,247
University of St Gallen,Switzerland,7.579,11.8,41.0,247
University of Desarrollo,Chile,15.384,19.0,40.9,248
Rensselaer Polytechnic Institute,United States,7.797999999999999,15.6,40.9,248
University of South Carolina-Columbia,United States,32.291,16.2,40.9,248
Diego Portales University,Chile,17.287,14.9,40.8,249
Indian Institute of Technology Delhi,India,7.284,14.8,40.8,249
Middlesex University,United Kingdom,15.649000000000001,18.0,40.8,249
Tongji University,China,35.69,13.1,40.8,249
Hong Kong Baptist University,Hong Kong,8.759,11.6,40.7,250
Sciences Po,France,11.915,45.1,40.7,250
University of Urbino Carlo Bo,Italy,14.277999999999999,39.6,40.7,250
Central South University,China,51.54600000000001,18.4,40.6,251
University of Cyprus,Cyprus,6.635,22.0,40.5,252
Quaid-i-azam University,Pakistan,14.694,24.8,40.5,252
University of Victoria,Canada,21.169,25.7,40.5,252
Aswan University,Egypt,22.393,40.8,40.4,253
University of Modena and Reggio Emilia,Italy,17.432000000000002,24.8,40.4,253
University of Trieste,Italy,15.933,23.5,40.4,253
Liverpool John Moores University,United Kingdom,19.461,17.4,40.3,254
Polytechnic University of Bari,Italy,6.122000000000001,24.4,40.3,254
Semmelweis University,Hungary,10.995999999999999,9.8,40.3,254
Federal University of Toulouse Midi-Pyr�n�es,France,103.85700000000001,19.2,40.2,255
University of Porto,Portugal,32.02,18.7,40.2,255
University of Saskatchewan,Canada,17.194000000000003,17.7,40.2,255
Free University of Bozen-Bolzano,Italy,3.891,12.0,40.1,256
University of Genoa,Italy,23.976999999999997,19.5,40.1,256
Kyushu University,Japan,18.643,8.8,40.1,256
Sejong University,South Korea,12.119000000000002,17.0,40.1,256
SOAS University of London,United Kingdom,5.194,12.1,40.1,256
University of Strasbourg,France,46.898,18.8,40.0,257
Fujita Health University,Japan,2.9419999999999997,3.2,39.9,258
Bangor University,United Kingdom,9.59,16.3,39.8,259
�cole des Mines de Saint-�tienne,France,973.0,8.1,39.8,259
Hunan University,China,40.715,20.4,39.8,259
University of Tulsa,United States,5.067,12.4,39.8,259
University of Bari Aldo Moro,Italy,29.564,20.5,39.7,260
Edith Cowan University,Australia,17.56,31.3,39.7,260
Murdoch University,Australia,14.905,27.7,39.7,260
University of Pavia,Italy,24.623,41.5,39.7,260
Gwangju Institute of Science and Technology,South Korea,2.0980000000000003,12.1,39.5,261
Indian Institute of Technology Kharagpur,India,9.167,12.3,39.5,261
University of Houston,United States,44.128,25.7,39.4,262
National Research Nuclear University MEPhI,Russian Federation,6.489,10.8,39.4,262
University of Ferrara,Italy,14.644,25.2,39.3,263
Indian Institute of Technology Bombay,India,10.267000000000001,16.1,39.3,263
ITMO University,Russian Federation,10.206,13.1,39.3,263
Oklahoma State University,United States,21.494,15.8,39.3,263
University of Valencia,Spain,50.31100000000001,14.9,39.3,263
Bond University,Australia,3.341,10.3,39.2,264
Covenant University,Nigeria,8.767999999999999,15.7,39.2,264
Mansoura University,Egypt,140.126,24.9,39.2,264
Bournemouth University,United Kingdom,13.692,17.1,39.1,265
Hokkaido University,Japan,18.225,8.1,39.1,265
"Colorado State University, Fort Collins",United States,26.014,16.3,39.0,266
University of Kentucky,United States,27.078000000000003,12.4,39.0,266
University of Portsmouth,United Kingdom,20.186,15.4,39.0,266
New Mexico Institute of Mining and Technology,United States,1.8090000000000002,11.3,38.9,267
University of Tsukuba,Japan,16.844,13.6,38.9,267
Charles University in Prague,Czech Republic,48.623000000000005,12.7,38.8,268
Leibniz University Hanover,Germany,27.625,54.0,38.8,268
Teikyo University,Japan,22.873,16.7,38.8,268
University of Texas at San Antonio,United States,24.435,24.5,38.8,268
Verona University,Italy,19.873,27.5,38.8,268
Yasouj University,Iran,6.332000000000001,27.5,38.8,268
University of Catania,Italy,25.392,20.4,38.7,269
Missouri University of Science and Technology,United States,8.084,22.2,38.7,269
South China University of Technology,China,41.138999999999996,13.9,38.7,269
Yokohama City University,Japan,4.91,4.5,38.7,269
University of Campinas,Brazil,28.795,15.1,38.6,270
Shenzhen University,China,35.171,15.5,38.6,270
Florida International University,United States,34.203,23.8,38.5,271
Keele University,United Kingdom,9.004,15.0,38.5,271
Ko� University,Turkey,5.381,15.6,38.4,272
Louisiana State University,United States,29.169,20.7,38.4,272
Northern Arizona University,United States,29.684,28.1,38.4,272
University of Rovira i Virgili,Spain,12.411,12.3,38.4,272
Bar-Ilan University,Israel,16.723,17.5,38.3,273
University of Greifswald,Germany,10.247,21.1,38.3,273
University of Plymouth,United Kingdom,17.667,17.2,38.3,273
University of Jyv�skyl�,Finland,10.2,15.0,38.2,274
National and Kapodistrian University of Athens,Greece,57.696999999999996,28.4,38.2,274
Victoria University of Wellington,New Zealand,17.442,18.9,38.2,274
Catholic University of the Sacred Heart,Italy,28.725,21.6,38.1,275
King Saud University,Saudi Arabia,38.971,10.4,38.1,275
University of Neuch�tel,Switzerland,4.284,12.8,38.1,275
University of L�Aquila,Italy,18.867,55.3,37.9,276
Aston University,United Kingdom,11.113,21.1,37.9,276
National Taiwan University of Science and Technology (Taiwan Tech),Taiwan,8.34,19.5,37.9,276
University of the West of Scotland,United Kingdom,11.73,22.4,37.9,276
National Yang-Ming University,Taiwan,4.258,5.1,37.8,277
Norwegian University of Life Sciences,Norway,5.79,6.9,37.8,277
Universidad Peruana Cayetano Heredia,Peru,6.236000000000001,10.6,37.8,277
Suez Canal University,Egypt,35.363,10.8,37.8,277
Complutense University of Madrid,Spain,62.623999999999995,19.7,37.7,278
University of Ibadan,Nigeria,26.648000000000003,16.4,37.7,278
Claude Bernard University Lyon 1,France,26.875,12.7,37.6,279
Renmin University of China,China,25.59,12.5,37.6,279
CentraleSup�lec,France,4.226,10.2,37.5,280
Carleton University,Canada,27.57,29.7,37.4,281
King Saud bin Abdulaziz University for Health Sciences,Saudi Arabia,11.708,6.9,37.4,281
University of Udine,Italy,11.793,17.8,37.4,281
Universit� Bourgogne Franche-Comt� (UBFC),France,59.858000000000004,32.9,37.3,282
University of Lisbon,Portugal,47.886,17.7,37.3,282
Indian Institute of Technology Roorkee,India,7.561,16.4,37.2,283
University of Rome II � Tor Vergata,Italy,34.965,19.9,37.2,283
Graz University of Technology,Austria,6.37,10.0,37.1,284
University of Hull,United Kingdom,14.047,18.2,37.1,284
East China Normal University,China,25.747,11.5,37.0,285
University of Haifa,Israel,16.164,21.0,37.0,285
University of Insubria,Italy,7.646,22.1,37.0,285
Peter the Great St Petersburg Polytechnic University,Russian Federation,18.250999999999998,9.0,36.9,286
Bilkent University,Turkey,10.374,14.5,36.8,287
Polytechnic University of Turin,Italy,31.425,35.8,36.8,287
Soochow University,China,44.835,16.4,36.8,287
University of Wisconsin-Milwaukee,United States,20.874000000000002,19.3,36.8,287
Hamburg University of Technology,Germany,5.216,35.2,36.7,288
University of Idaho,United States,9.693999999999999,17.0,36.7,288
University of Limerick,Ireland,14.220999999999998,21.7,36.7,288
Tianjin University,China,34.78,14.0,36.6,289
Xi�an Jiaotong University,China,36.556999999999995,12.5,36.6,289
Memorial University of Newfoundland,Canada,15.127,13.7,36.5,290
San Diego State University,United States,30.799,30.5,36.5,290
University of Guelph,Canada,22.165,29.1,36.4,291
Hacettepe University,Turkey,47.035,22.0,36.4,291
Lappeenranta-Lahti University of Technology LUT,Finland,3.8510000000000004,28.2,36.4,291
Mashhad University of Medical Sciences,Iran,9.134,10.6,36.4,291
North-West University,South Africa,36.749,29.9,36.4,291
Amirkabir University of Technology,Iran,11.58,21.6,36.3,292
National Chiao Tung University,Taiwan,12.017000000000001,16.7,36.3,292
New Jersey Institute of Technology,United States,9.279,15.1,36.3,292
University of Rome III,Italy,31.695999999999998,50.1,36.3,292
Sharif University of Technology,Iran,9.26,19.8,36.3,292
University of Waikato,New Zealand,9.892000000000001,18.1,36.3,292
University of Kashan,Iran,8.437999999999999,27.4,36.2,293
Pontifical Catholic University of Chile,Chile,28.541,15.0,36.2,293
University of Siegen,Germany,19.268,42.3,36.2,293
Southeast University,China,32.951,11.6,36.2,293
"Binghamton University, State University of New York",United States,17.848,23.3,36.1,294
Tomsk State University,Russian Federation,7.655,11.9,36.1,294
King Fahd University of Petroleum and Minerals,Saudi Arabia,6.882000000000001,6.8,36.0,295
Lincoln University,New Zealand,2.476,13.5,36.0,295
The University of the West Indies,Jamaica,23.305,22.2,36.0,295
University of Alabama in Huntsville,United States,6.729,16.3,35.9,296
Charles Darwin University,Australia,6.314,22.8,35.9,296
Institute of Chemical Technology,India,2.146,18.2,35.9,296
University of Wuppertal,Germany,23.343000000000004,55.8,35.9,296
Xiamen University,China,40.841,14.6,35.9,296
"China Medical University, Taiwan",Taiwan,7.603,16.5,35.8,297
University of Graz,Austria,20.312,21.9,35.8,297
Indian Institute of Technology Gandhinagar,India,1.222,11.2,35.8,297
University of Nebraska Medical Center,United States,3.0410000000000004,2.3,35.8,297
University of Rhode Island,United States,16.569000000000003,19.3,35.8,297
Novosibirsk State University,Russian Federation,7.122999999999999,6.2,35.7,298
Tehran University of Medical Sciences,Iran,12.511,6.9,35.7,298
Universiti Tunku Abdul Rahman (UTAR),Malaysia,18.762999999999998,16.1,35.7,298
Universidad Aut�noma de Chile,Chile,23.311999999999998,26.2,35.5,299
Kansai Medical University,Japan,841.0,1.1,35.5,299
Beihang University,China,29.951999999999998,13.7,35.4,300
Chung-Ang University,South Korea,16.680999999999997,22.1,35.4,300
Marche Polytechnic University,Italy,10.603,20.7,35.4,300
The Open University,United Kingdom,61.915,32.3,35.4,300
Open University of Catalonia,Spain,22.962,84.5,35.4,300
University of Brescia,Italy,14.206,27.2,35.3,301
Massey University,New Zealand,18.653,16.2,35.3,301
University of Coimbra,Portugal,21.404,17.6,35.2,302
Dublin City University,Ireland,12.619000000000002,24.0,35.2,302
University of Kaiserslautern,Germany,14.869000000000002,51.6,35.2,302
West Virginia University,United States,25.965999999999998,18.5,35.2,302
Makerere University,Uganda,34.650999999999996,23.6,35.1,303
Stevens Institute of Technology,United States,5.943,16.7,35.1,303
University of the Western Cape,South Africa,21.999000000000002,30.5,35.1,303
University of Windsor,Canada,13.14,29.0,35.1,303
University of Central Florida,United States,56.228,35.3,35.0,304
Concordia University,Canada,33.543,32.3,35.0,304
Jagiellonian University,Poland,40.608000000000004,10.9,34.9,305
University of Costa Rica,Costa Rica,33.9,15.1,34.8,306
Montana State University,United States,14.357000000000001,19.4,34.8,306
NOVA University of Lisbon,Portugal,19.694000000000003,18.1,34.8,306
Polytechnic University of Catalonia,Spain,25.484,10.6,34.8,306
University of Ulsan,South Korea,12.73,11.5,34.8,306
Iran University of Science and Technology,Iran,13.273,31.7,34.7,307
University of Lincoln,United Kingdom,12.06,15.1,34.7,307
University of Parma,Italy,25.14,27.4,34.7,307
Baylor University,United States,17.078,16.2,34.6,308
Johannes Kepler University of Linz,Austria,6.122000000000001,10.5,34.6,308
Mahidol University,Thailand,28.476,10.2,34.6,308
University of Southern Queensland,Australia,12.405,25.8,34.6,308
University of Lorraine,France,58.678000000000004,19.2,34.5,309
National Institute of Applied Sciences of Lyon (INSA Lyon),France,6.172999999999999,19.6,34.4,310
University of Salento,Italy,12.04,29.7,34.4,310
National Cheng Kung University (NCKU),Taiwan,20.663,13.7,34.3,311
Aristotle University of Thessaloniki,Greece,46.505,26.8,34.2,312
University of Electronic Science and Technology of China,China,33.242,16.4,34.2,312
Konkuk University,South Korea,12.225,23.2,34.2,312
Lehigh University,United States,6.462000000000001,10.8,34.2,312
University of Nantes,France,37.078,24.7,34.2,312
Worcester Polytechnic Institute,United States,5.733,12.7,34.2,312
"Indian Institute of Science Education and Research, Pune",India,1.274,9.5,34.1,313
Amedeo Avogadro University of Eastern Piedmont,Italy,13.447000000000001,36.1,34.0,314
University of La Laguna,Spain,18.336,12.9,34.0,314
Mae Fah Luang University,Thailand,13.534,22.3,34.0,314
Texas Tech University,United States,33.015,20.6,34.0,314
Northwestern Polytechnical University,China,28.432,13.9,33.9,315
Universit� de Sherbrooke,Canada,15.667,12.9,33.9,315
University of Bergamo,Italy,19.022000000000002,57.0,33.7,316
Indian Institute of Technology Madras,India,9.241,15.6,33.7,316
Oxford Brookes University,United Kingdom,13.915,16.2,33.7,316
�cole normale sup�rieure Paris-Saclay,France,1.869,12.6,33.6,317
Nanjing University of Information Science and Technology,China,21.857,15.5,33.6,317
University of Calabria,Italy,27.403000000000002,33.0,33.5,318
China Agricultural University,China,19.586,11.6,33.5,318
Ferhat Abbas S�tif University 1,Algeria,34.001999999999995,22.7,33.5,318
Kent State University,United States,24.559,20.4,33.5,318
University of Palermo,Italy,29.436999999999998,20.5,33.5,318
Auburn University,United States,26.641,18.8,33.4,319
University of Girona,Spain,13.905999999999999,19.0,33.4,319
National Taiwan Normal University,Taiwan,10.789000000000001,12.1,33.4,319
Savitribai Phule Pune University,India,6.056,12.7,33.4,319
University of Toledo,United States,18.587,15.5,33.4,319
Federal University of Minas Gerais,Brazil,43.898999999999994,12.6,33.2,320
Metropolitan Autonomous University,Mexico,57.827,20.0,33.2,320
Nottingham Trent University,United Kingdom,24.14,15.0,33.1,321
Shandong University,China,45.766999999999996,14.6,33.1,321
Indian Institute of Technology Kanpur,India,6.86,13.6,33.0,322
Beijing Institute of Technology,China,30.608,13.3,32.9,323
Ewha Womans University,South Korea,14.51,16.9,32.9,323
"University of Maryland, Baltimore County",United States,11.667,18.1,32.9,323
Saint Petersburg State University,Russian Federation,21.489,7.4,32.9,323
Southern Cross University,Australia,9.064,25.0,32.9,323
Amrita Vishwa Vidyapeetham,India,14.689,11.9,32.8,324
Iran University of Medical Sciences,Iran,8.673,9.0,32.7,325
University of Lille,France,69.28699999999999,29.0,32.7,325
Manchester Metropolitan University,United Kingdom,28.146,15.1,32.7,325
University of Huddersfield,United Kingdom,14.482999999999999,20.7,32.6,326
University of Johannesburg,South Africa,26.445,23.9,32.6,326
Bo?azi�i University,Turkey,13.202,23.2,32.5,327
Nanjing Medical University,China,15.42,9.0,32.5,327
Universit� du Qu�bec,Canada,52.994,19.7,32.4,328
Roskilde University,Denmark,6.382000000000001,18.0,32.4,328
Universiti Teknologi Malaysia,Malaysia,19.087,11.2,32.4,328
University of the Balearic Islands,Spain,11.277000000000001,12.8,32.3,329
Federal University of Rio Grande do Sul,Brazil,52.57899999999999,19.4,32.3,329
University of Tehran,Iran,53.614,24.5,32.3,329
University of Aveiro,Portugal,9.774,16.5,32.2,330
University of Granada,Spain,56.044,15.4,32.2,330
Kazan Federal University,Russian Federation,26.67,10.8,32.2,330
University of the Sunshine Coast,Australia,9.72,31.3,32.2,330
Imam Khomeini International University,Iran,8.33,28.6,32.1,331
Universiti Teknologi Petronas,Malaysia,6.212000000000001,15.9,32.1,331
TU Braunschweig,Germany,20.02,10.4,32.1,331
COMSATS University Islamabad,Pakistan,33.03,11.4,32.0,332
Panth�on-Sorbonne University � Paris 1,France,33.883,26.1,32.0,332
Kansas State University,United States,21.535999999999998,14.3,31.9,333
Tokyo Metropolitan University,Japan,9.16,13.6,31.9,333
University of Tours,France,27.285,21.2,31.9,333
Keio University,Japan,34.916,10.4,31.8,334
King Khalid University,Saudi Arabia,38.865,8.1,31.8,334
Creighton University,United States,8.228,11.1,31.7,335
Chemnitz University of Technology,Germany,10.472999999999999,45.7,31.6,336
University of Delhi,India,24.546999999999997,23.0,31.6,336
IDC Herzliya,Israel,6.9079999999999995,47.0,31.6,336
University of Ioannina,Greece,21.901999999999997,44.3,31.6,336
Sichuan University,China,64.648,13.8,31.6,336
�bo Akademi University,Finland,5.295,17.5,31.5,337
Panjab University,India,19.912,23.4,31.5,337
University of Clermont Auvergne,France,34.644,18.8,31.4,338
Federal University of Santa Catarina,Brazil,38.719,16.6,31.4,338
University of Pretoria,South Africa,35.086,22.0,31.4,338
Old Dominion University,United States,18.878,18.2,31.3,339
University of Rennes 1,France,28.351,18.0,31.3,339
Shahid Beheshti University of Medical Sciences,Iran,12.713,9.1,31.3,339
Ca� Foscari University of Venice,Italy,15.636,27.7,31.2,340
University of Texas at Arlington,United States,28.835,25.2,31.2,340
Federal University of S�o Paulo (UNIFESP),Brazil,14.572000000000001,9.3,31.1,341
"University of Nevada, Las Vegas",United States,24.982,22.7,31.1,341
Thapar University,India,7.752000000000001,14.8,31.1,341
E�tv�s Lor�nd University,Hungary,26.105,16.7,31.0,342
Indian Institute of Technology Hyderabad,India,2.088,11.9,31.0,342
Isfahan University of Technology,Iran,10.064,20.7,31.0,342
Kafrelsheikh University,Egypt,74.546,39.7,31.0,342
Palack� University Olomouc,Czech Republic,17.442999999999998,13.8,31.0,342
Universiti Putra Malaysia,Malaysia,20.018,12.1,31.0,342
University of South Dakota,United States,14.542,35.1,31.0,342
De Montfort University,United Kingdom,19.093,19.5,30.9,343
University of Warsaw,Poland,50.483999999999995,14.0,30.9,343
Masaryk University,Czech Republic,31.611,20.2,30.8,344
New Mexico State University (Main campus),United States,12.753,16.5,30.8,344
Clemson University,United States,21.436,17.0,30.7,345
Glasgow Caledonian University,United Kingdom,12.637,19.9,30.7,345
Jaume I University,Spain,12.182,15.6,30.7,345
Universiti Kebangsaan Malaysia,Malaysia,17.18,10.1,30.7,345
"China University of Petroleum, Beijing",China,15.15,18.7,30.6,346
Dalian University of Technology,China,39.665,15.7,30.6,346
Universiti Sains Malaysia,Malaysia,20.908,10.7,30.6,346
Ulster University,United Kingdom,17.817,17.1,30.5,347
Banaras Hindu University,India,14.953,11.3,30.4,348
National University of Science and Technology (MISiS),Russian Federation,7.09,11.3,30.4,348
Tomsk Polytechnic University,Russian Federation,9.121,8.7,30.4,348
University of Lleida,Spain,8.595,14.7,30.3,349
Universiti Malaysia Perlis,Malaysia,12.154000000000002,17.1,30.3,349
Monterrey Institute of Technology,Mexico,14.343,16.2,30.3,349
Tabriz University of Medical Sciences,Iran,8.047,9.5,30.2,350
University of the Basque Country,Spain,42.485,14.8,30.0,351
Indian Institute of Technology Guwahati,India,5.699,13.5,30.0,351
Miguel Hern�ndez University of Elche,Spain,13.591,20.0,30.0,351
Ohio University (Main campus),United States,25.013,22.3,30.0,351
Ryerson University,Canada,33.694,43.1,30.0,351
University of Santiago de Compostela,Spain,25.455,15.2,30.0,351
Pontifical Catholic University of Rio de Janeiro (PUC-Rio),Brazil,15.581,21.9,29.9,352
University of the West of England,United Kingdom,21.737,18.3,29.9,352
University of Beira Interior,Portugal,7.022,15.7,29.8,353
Coventry University,United Kingdom,27.531,16.4,29.8,353
Lakehead University,Canada,8.05,24.5,29.8,353
University of Sassari,Italy,12.993,24.1,29.8,353
"University of the Andes, Colombia",Colombia,15.520999999999999,13.2,29.7,354
Kindai University,Japan,33.125,13.6,29.7,354
Cairo University,Egypt,223.275,40.6,29.6,355
University of Oviedo,Spain,21.663,12.7,29.6,355
Shiraz University of Technology,Iran,1.6019999999999999,15.9,29.6,355
Indian Institute of Technology Bhubaneswar,India,1.237,10.7,29.5,356
Istanbul Technical University,Turkey,34.825,23.0,29.5,356
University of Ljubljana,Slovenia,40.11,14.7,29.5,356
University of North Carolina at Greensboro,United States,18.999000000000002,22.2,29.5,356
University of Split,Croatia,20.043,22.5,29.5,356
University of Tabriz,Iran,20.36,26.4,29.5,356
University of Arkansas,United States,24.754,19.8,29.4,357
Central Queensland University,Australia,14.700999999999999,20.8,29.4,357
University of Sharjah,United Arab Emirates,14.286,20.8,29.4,357
University of Thessaly,Greece,17.004,38.9,29.4,357
University of Salamanca,Spain,28.673000000000002,17.6,29.3,358
Western Washington University,United States,13.725999999999999,17.7,29.3,358
Beni-Suef University,Egypt,67.98100000000001,25.3,29.2,359
Kobe University,Japan,15.593,9.5,29.2,359
National Autonomous University of Mexico,Mexico,161.718,17.1,29.2,359
University of Greenwich,United Kingdom,14.477,18.0,29.1,360
University of Leoben,Austria,3.074,5.9,29.1,360
University of Brighton,United Kingdom,17.155,18.0,29.0,361
�cole Centrale de Lyon,France,1.9980000000000002,16.1,29.0,361
Nippon Medical School,Japan,850.0,0.9,29.0,361
University of Hertfordshire,United Kingdom,17.584,17.5,28.9,362
Jawaharlal Nehru University,India,7.938,13.9,28.9,362
Nanjing Normal University,China,27.49,13.2,28.9,362
National Technical University of Athens,Greece,14.133,20.6,28.9,362
University of Regina,Canada,12.935,23.4,28.9,362
Jiangsu Normal University,China,21.455,14.3,28.8,363
University of Malta,Malta,11.772,13.0,28.8,363
Pusan National University,South Korea,24.331,18.3,28.8,363
University of Alcal�,Spain,17.793,12.9,28.7,364
Huazhong Agricultural University,China,25.956,17.4,28.7,364
Jikei University School of Medicine,Japan,1.078,0.9,28.7,364
University of Westminster,United Kingdom,16.401,17.4,28.7,364
Hiroshima University,Japan,15.077,9.0,28.6,365
Middle East Technical University,Turkey,27.455,31.6,28.6,365
The University of Aizu,Japan,1.165,10.8,28.5,366
University of International Business and Economics,China,15.775,17.4,28.5,366
Jamia Millia Islamia,India,10.652999999999999,9.7,28.5,366
Waseda University,Japan,48.839,14.1,28.5,366
University of Indonesia,Indonesia,41.17,9.9,28.4,367
Portland State University,United States,20.219,18.4,28.4,367
Sidi Mohamed Ben Abdellah University,Morocco,90.736,57.1,28.4,367
University of Technology of Compi�gne,France,4.229,15.4,28.4,367
East China University of Science and Technology,China,25.519000000000002,15.6,28.3,368
ISCTE-University Institute of Lisbon,Portugal,8.898,24.2,28.3,368
Kurume University,Japan,4.85,7.3,28.3,368
"Lumi�re University, Lyon 2",France,25.134,51.1,28.3,368
University of Minho,Portugal,18.066,17.9,28.3,368
Carlos III University of Madrid,Spain,17.265,11.0,28.2,369
Edinburgh Napier University,United Kingdom,10.668,18.8,28.2,369
Marquette University,United States,10.472000000000001,12.0,28.2,369
Nanjing Tech University,China,33.175,13.9,28.2,369
Fuzhou University,China,34.979,15.9,28.1,370
National Institute of Technology Rourkela,India,5.851,18.8,28.1,370
University of P�cs,Hungary,16.859,11.3,28.1,370
University of Deusto,Spain,9.209,21.8,28.0,371
Pablo de Olavide University,Spain,12.113,14.4,28.0,371
University of Seville,Spain,62.81100000000001,20.6,28.0,371
University of Texas at El Paso,United States,17.089000000000002,23.2,28.0,371
Guangdong University of Technology,China,43.815,19.7,27.9,372
Hyogo College of Medicine,Japan,888.0,2.0,27.9,372
University of Lagos,Nigeria,34.056,20.3,27.9,372
Nanjing Agricultural University,China,25.963,15.9,27.9,372
University of the Aegean,Greece,13.04,41.3,27.8,373
Athens University of Economics and Business,Greece,9.677999999999999,44.4,27.8,373
Chang Gung University,Taiwan,7.556,12.3,27.8,373
Federal University of Rio de Janeiro,Brazil,48.675,12.3,27.8,373
University of Salford,United Kingdom,15.356,17.0,27.8,373
Saint-Petersburg Mining University,Russian Federation,7.297999999999999,11.1,27.7,374
University of Zaragoza,Spain,28.211,10.3,27.7,374
University of Bradford,United Kingdom,8.917,17.7,27.6,375
Florida Atlantic University,United States,23.658,18.3,27.6,375
Jadavpur University,India,11.527999999999999,18.4,27.6,375
Jinan University,China,34.904,14.0,27.6,375
University of Northern British Columbia (UNBC),Canada,2.733,14.0,27.6,375
Southwestern University of Finance and Economics,China,22.283,15.9,27.6,375
University of Roehampton,United Kingdom,7.665,16.3,27.5,376
University of Science and Technology Beijing,China,24.232,14.7,27.5,376
University of South Bohemia in ?esk� Bud?jovice,Czech Republic,9.738,15.2,27.5,376
American University in Cairo,Egypt,5.936,13.7,27.4,377
Chiba University,Japan,13.764000000000001,9.8,27.4,377
Polytechnic University of Valencia,Spain,21.119,10.0,27.4,377
"Asia University, Taiwan",Taiwan,11.779000000000002,29.8,27.3,378
"China University of Geosciences, Wuhan",China,28.934,16.7,27.3,378
Mississippi State University,United States,26.121,19.0,27.3,378
Northeast Normal University,China,25.425,14.7,27.3,378
Technical University of Madrid,Spain,40.592,14.0,27.3,378
University of B�ja�a,Algeria,43.026,25.4,27.2,379
Benha University,Egypt,97.84299999999999,30.5,27.1,380
Chulalongkorn University,Thailand,38.531,14.0,27.1,380
University of East London,United Kingdom,10.302,17.2,27.1,380
Kingston University,United Kingdom,15.7,17.6,27.1,380
Rochester Institute of Technology,United States,13.995999999999999,15.7,27.1,380
University of Chile,Chile,35.446999999999996,15.0,27.0,381
China University of Mining and Technology,China,47.225,18.6,27.0,381
Chongqing University,China,44.394,16.0,27.0,381
Ilmenau University of Technology,Germany,5.807,17.7,27.0,381
Karlstad University,Sweden,8.552,12.8,27.0,381
Ajou University,South Korea,9.906,11.3,26.9,382
University of Algarve,Portugal,7.78,12.9,26.9,382
"International Islamic University, Islamabad",Pakistan,30.614,19.7,26.9,382
Lebanese American University,Lebanon,7.8660000000000005,13.4,26.9,382
Shahid Beheshti University,Iran,18.403,21.4,26.9,382
Shanghai University of Finance and Economics (SUFE),China,15.13,14.5,26.9,382
Shantou University,China,10.305,11.7,26.9,382
Aligarh Muslim University,India,18.783,13.5,26.8,383
Sogang University,South Korea,9.559,22.9,26.7,384
Vilnius University,Lithuania,16.215999999999998,10.8,26.7,384
Yeungnam University,South Korea,20.135,14.8,26.7,384
Al-Balqa Applied University,Jordan,33.918,31.3,26.6,385
"China University of Geosciences, Beijing",China,17.752,15.2,26.6,385
RUDN University,Russian Federation,19.803,11.6,26.6,385
Kyungpook National University,South Korea,24.155,23.5,26.5,386
Shanghai University,China,36.637,11.3,26.5,386
Sheffield Hallam University,United Kingdom,25.119,17.0,26.5,386
Sri Venkateswara University,India,7.832000000000001,15.5,26.4,387
University of Bras�lia,Brazil,44.074,15.2,26.3,388
University of C�rdoba,Spain,17.406,15.1,26.3,388
University of Nairobi,Kenya,69.456,39.3,26.3,388
Kyoto Prefectural University of Medicine,Japan,1.33,3.4,26.2,389
Niigata University,Japan,12.158,7.9,26.2,389
University of Szeged,Hungary,19.7,12.5,26.2,389
University of Central Lancashire,United Kingdom,18.824,16.5,26.1,390
National Sun Yat-Sen University,Taiwan,9.19,13.2,26.1,390
Rikkyo University,Japan,20.183,14.1,26.0,391
Bucharest University of Economic Studies,Romania,22.022,14.8,25.9,392
Cardiff Metropolitan University,United Kingdom,8.661,16.5,25.9,392
University of Las Palmas de Gran Canaria,Spain,18.714000000000002,17.1,25.9,392
Shiraz University,Iran,14.286,20.6,25.9,392
Teesside University,United Kingdom,11.919,18.3,25.9,392
Florida Institute of Technology,United States,5.343999999999999,14.1,25.8,393
Federal University of Pelotas,Brazil,23.198,17.4,25.6,394
Leeds Beckett University,United Kingdom,19.726,19.5,25.6,394
National Central University,Taiwan,10.838,9.4,25.6,394
Normandy University,France,68.013,20.3,25.6,394
Staffordshire University,United Kingdom,8.558,14.8,25.6,394
Tallinn University,Estonia,7.681,27.2,25.6,394
University of Vigo,Spain,18.652,16.4,25.6,394
VIT University,India,33.38,19.9,25.6,394
Juntendo University,Japan,4.6530000000000005,3.8,25.5,395
Lviv Polytechnic National University,Ukraine,21.56,10.5,25.5,395
"National Institute of Technology, Tiruchirappalli",India,6.081,19.1,25.5,395
The New School,United States,10.434000000000001,9.4,25.5,395
Osmania University,India,12.454,17.8,25.5,395
Istanbul University,Turkey,122.00200000000001,59.7,25.4,396
University Rey Juan Carlos,Spain,42.07899999999999,25.2,25.4,396
"Vietnam National University, Hanoi",Vietnam,32.944,13.4,25.4,396
University of Jordan,Jordan,30.495,16.9,25.3,397
Capital Medical University,China,13.177999999999999,6.8,25.2,398
Pontifical Catholic University of Rio Grande do Sul (PUCRS),Brazil,16.75,22.8,25.2,398
University of Puerto Rico,Puerto Rico,49.713,13.9,25.2,398
American University of Sharjah,United Arab Emirates,5.652,14.0,25.1,399
Eastern Mediterranean University,Northern Cyprus,18.865,27.1,25.1,399
Northeastern University,China,36.015,14.5,25.1,399
S�o Paulo State University (UNESP),Brazil,39.577,13.0,25.1,399
University of Wolverhampton,United Kingdom,15.687000000000001,20.4,25.0,400
Wuhan University of Technology,China,51.684,14.0,25.0,400
Babe?-Bolyai University,Romania,37.168,24.6,24.9,401
Technological University Dublin,Ireland,14.904000000000002,20.0,24.9,401
University of Cadiz,Spain,19.288,19.1,24.8,402
Kaohsiung Medical University,Taiwan,6.881,12.2,24.8,402
National Dong Hwa University,Taiwan,10.269,18.1,24.8,402
Universiti Tenaga Nasional (UNITEN),Malaysia,6.78,16.1,24.8,402
Tokyo Medical University,Japan,1.35,1.6,24.8,402
Birmingham City University,United Kingdom,19.975,18.1,24.7,403
Isfahan University of Medical Sciences,Iran,11.34,12.3,24.7,403
K.N. Toosi University of Technology,Iran,6.582000000000001,22.3,24.7,403
Xidian University,China,34.14,17.1,24.7,403
University of Bedfordshire,United Kingdom,10.808,20.0,24.6,404
University of �vora,Portugal,6.442,12.4,24.6,404
Fu Jen Catholic University,Taiwan,20.45,20.7,24.6,404
Kanazawa University,Japan,10.42,9.8,24.6,404
University of Kurdistan,Iran,9.441,28.9,24.6,404
Louisiana Tech University,United States,11.21,22.6,24.6,404
University of Baghdad,Iraq,66.399,10.4,24.5,405
Inha University,South Korea,19.195999999999998,23.5,24.5,405
Polytechnic Institute of Porto,Portugal,18.511,17.1,24.5,405
Chonnam National University,South Korea,22.469,16.9,24.4,406
Kuwait University,Kuwait,36.551,23.6,24.4,406
Lahore University of Management Sciences,Pakistan,3.859,14.6,24.4,406
University of Murcia,Spain,27.662,16.3,24.4,406
Universit� Saint-Joseph de Beyrouth,Lebanon,7.566,19.4,24.4,406
Embry-Riddle Aeronautical University,United States,16.34,16.8,24.3,407
Federico Santa Mar�a Technical University,Chile,19.067,27.3,24.3,407
National Chengchi University,Taiwan,13.558,15.6,24.3,407
Sapporo Medical University,Japan,1.3359999999999999,3.5,24.3,407
Xiangtan University,China,31.34,21.2,24.3,407
China Pharmaceutical University,China,16.144000000000002,18.0,24.2,408
National University of Sciences and Technology,Pakistan,10.645,8.1,24.2,408
Okayama University,Japan,13.099,8.0,24.2,408
Pondicherry University,India,6.107,17.2,24.2,408
NorthWest A&F University,China,29.326999999999998,15.3,24.1,409
University of Patras,Greece,25.58,27.6,24.1,409
Bauman Moscow State Technical University,Russian Federation,19.785,4.8,24.0,410
University of La Frontera,Chile,10.437000000000001,24.6,24.0,410
Indian Institute of Technology (Indian School of Mines) Dhanbad,India,7.832999999999999,25.1,24.0,410
University of Mazandaran,Iran,12.942,33.7,24.0,410
Beijing Jiaotong University,China,26.456999999999997,14.0,23.9,411
Hanoi University of Science and Technology,Vietnam,32.161,21.4,23.9,411
Jilin University,China,70.45,10.8,23.9,411
University of Tr�s-os-Montes and Alto Douro,Portugal,6.792999999999999,12.1,23.9,411
Czech Technical University in Prague,Czech Republic,19.499000000000002,10.6,23.6,412
National Taipei University of Technology,Taiwan,9.994,15.9,23.6,412
St Marianna University School of Medicine,Japan,846.0,1.0,23.6,412
University of Ja�n,Spain,16.782,20.4,23.5,413
Muroran Institute of Technology,Japan,3.365,17.5,23.5,413
Northwest University,China,24.237,14.8,23.5,413
University of Malaga,Spain,35.654,12.9,23.4,414
Shanghai Maritime University,China,23.789,17.9,23.4,414
Tshwane University of Technology,South Africa,45.992,39.4,23.4,414
Chonbuk National University,South Korea,20.601,20.7,23.3,415
Tallinn University of Technology,Estonia,9.895,21.8,23.3,415
Universiti Utara Malaysia,Malaysia,12.870999999999999,11.7,23.3,415
University of A Coru�a,Spain,14.962,11.4,23.2,416
University of Alicante,Spain,27.206999999999997,18.4,23.1,417
Pontifical Catholic University of Peru,Peru,24.984,7.5,23.1,417
University of Maribor,Slovenia,12.124,13.6,23.0,418
Aichi Medical University,Japan,1.288,2.8,22.9,419
Ferdowsi University of Mashhad,Iran,23.991999999999997,29.5,22.9,419
Jiangsu University,China,35.335,9.5,22.9,419
University of Latvia,Latvia,12.367,33.1,22.9,419
University of Seoul,South Korea,8.807,16.6,22.9,419
University of Derby,United Kingdom,13.502,15.2,22.8,420
University of Debrecen,Hungary,26.771,11.9,22.7,421
University of Ghana,Ghana,36.819,28.7,22.7,421
Karab�k University,Turkey,52.191,53.1,22.7,421
Sultan Qaboos University,Oman,6.8229999999999995,7.4,22.7,421
Tanta University,Egypt,128.995,23.6,22.7,421
Yangzhou University,China,36.88,15.1,22.7,421
"Adam Mickiewicz University, Pozna?",Poland,37.634,14.2,22.6,422
"University of Agriculture, Faisalabad",Pakistan,24.44,35.4,22.6,422
Gda?sk University of Technology,Poland,16.834,14.8,22.6,422
Osaka City University,Japan,8.279,8.9,22.6,422
Tokyo University of Agriculture and Technology,Japan,5.766,14.8,22.6,422
University of Isfahan,Iran,13.782,20.9,22.5,423
University of the Punjab,Pakistan,27.906999999999996,26.9,22.5,423
Ain Shams University,Egypt,179.636,16.9,22.4,424
At?l?m University,Turkey,9.862,16.8,22.4,424
Hamamatsu University School of Medicine,Japan,1.21,3.8,22.4,424
Indian Institute of Science Education and Research Kolkata,India,1.335,11.8,22.4,424
Indian Institute of Technology Patna,India,1.3869999999999998,12.6,22.4,424
Tezpur University,India,3.904,14.0,22.4,424
Acharya Nagarjuna University,India,4.792,12.5,22.2,425
University of Castilla-La Mancha,Spain,23.53,13.8,22.2,425
Kumamoto University,Japan,10.032,7.6,22.2,425
Tokyo University of Science,Japan,18.49,24.4,22.2,425
University of Fortaleza (UNIFOR),Brazil,23.923000000000002,15.2,22.1,426
Nagasaki University,Japan,9.163,7.0,22.1,426
Nagoya City University,Japan,4.444,7.6,22.1,426
Vilnius Gediminas Technical University,Lithuania,9.551,14.1,22.1,426
Zhejiang University of Technology,China,31.228,14.7,22.1,426
Al-Farabi Kazakh National University,Kazakhstan,21.138,5.6,22.0,427
Comenius University in Bratislava,Slovakia,20.055999999999997,9.8,22.0,427
Kyushu Institute of Technology (Kyutech),Japan,5.653,16.2,22.0,427
Shinshu University,Japan,10.812000000000001,10.3,22.0,427
Southern Medical University,China,19.305999999999997,6.6,22.0,427
Oakland University,United States,15.887,18.9,21.9,428
Robert Gordon University,United Kingdom,9.488999999999999,20.4,21.9,428
Samara University,Russian Federation,9.66,10.6,21.9,428
Semnan University,Iran,12.495999999999999,15.4,21.9,428
"California State University, Long Beach",United States,30.595,19.7,21.8,429
Delhi Technological University,India,8.242,23.3,21.8,429
South Valley University,Egypt,47.488,47.9,21.8,429
Brno University of Technology,Czech Republic,20.275,19.6,21.7,430
"University of Chemistry and Technology, Prague",Czech Republic,4.285,9.8,21.7,430
University of Ostrava,Czech Republic,8.872,18.3,21.7,430
Riga Technical University,Latvia,10.805,29.8,21.7,430
University of South Wales,United Kingdom,15.664000000000001,14.8,21.7,430
Industrial University of Santander (UIS),Colombia,20.851,24.5,21.6,431
University of Cergy-Pontoise,France,14.867,16.3,21.5,432
Edge Hill University,United Kingdom,12.185,15.5,21.5,432
Nanjing University of Aeronautics and Astronautics,China,29.541999999999998,16.6,21.5,432
Kagawa University,Japan,6.392,9.7,21.4,433
National University of Colombia,Colombia,52.085,22.4,21.4,433
Ocean University of China,China,32.059,17.5,21.4,433
?Shahid Chamran University of Ahvaz,Iran,12.309000000000001,21.1,21.4,433
Shiga University of Medical Science,Japan,1.1640000000000001,3.1,21.4,433
Warsaw University of Technology,Poland,29.709,12.9,21.4,433
Bandung Institute of Technology (ITB),Indonesia,17.382,10.5,21.3,434
Budapest University of Technology and Economics,Hungary,18.219,16.9,21.3,434
Fayoum University,Egypt,33.084,14.1,21.3,434
King Mongkut�s University of Technology Thonburi,Thailand,16.125999999999998,21.4,21.3,434
Tokushima University,Japan,7.553,8.7,21.3,434
Alexandria University,Egypt,182.12900000000002,27.4,21.2,435
Izmir Institute of Technology,Turkey,5.09,19.6,21.2,435
Suranaree University of Technology,Thailand,15.901,34.1,21.2,435
Bu-Ali Sina University,Iran,11.609000000000002,26.3,21.1,436
University of Burgos,Spain,7.369,13.4,21.1,436
University of Guilan,Iran,16.24,28.2,21.1,436
Sohag University,Egypt,52.056000000000004,28.8,21.1,436
University of Almer�a,Spain,12.913,18.4,21.0,437
Kharazmi University,Iran,12.655999999999999,20.9,21.0,437
National University of San Mart�n,Argentina,15.235999999999999,15.8,21.0,437
University of North Florida,United States,12.132,17.7,21.0,437
Paris Nanterre University,France,33.434,36.3,21.0,437
University of South Africa,South Africa,193.87400000000002,155.2,21.0,437
University of Talca,Chile,10.795,16.1,21.0,437
Texas State University,United States,31.893,19.1,20.9,438
Chuo University,Japan,26.302,37.2,20.8,439
Democritus University of Thrace,Greece,30.414,49.8,20.8,439
University of Sfax,Tunisia,32.178000000000004,13.5,20.8,439
University of Valladolid,Spain,23.232,12.3,20.8,439
Chung Yuan Christian University,Taiwan,15.925999999999998,32.9,20.7,440
Corvinus University of Budapest,Hungary,11.023,23.2,20.7,440
Erciyes University,Turkey,39.178000000000004,29.1,20.7,440
National Taipei University,Taiwan,8.645,17.0,20.7,440
National Taiwan Ocean University,Taiwan,8.652000000000001,21.6,20.7,440
Shahrekord University,Iran,7.377999999999999,22.8,20.7,440
University of Lethbridge,Canada,6.996,12.9,20.6,441
National Research Saratov State University,Russian Federation,9.847000000000001,9.7,20.6,441
Toho University,Japan,5.204,13.2,20.6,441
Ural Federal University,Russian Federation,25.0,11.6,20.6,441
University of Yamanashi,Japan,4.659,6.3,20.6,441
"Birla Institute of Technology and Science, Pilani",India,13.535,17.4,20.5,442
Polytechnic University of Cartagena,Spain,4.749,10.6,20.5,442
Huaqiao University,China,30.491,17.7,20.5,442
University of Le�n,Spain,13.606,16.1,20.5,442
University of Chester,United Kingdom,10.915,19.5,20.4,443
Saitama Medical University,Japan,1.909,1.5,20.4,443
Sepuluh Nopember Institute of Technology,Indonesia,14.624,10.6,20.4,443
Southwest Jiaotong University,China,38.059,15.9,20.4,443
SASTRA University,India,12.234000000000002,14.5,20.2,444
University of Zagreb,Croatia,68.21600000000001,18.9,20.2,444
De La Salle University,Philippines,15.604000000000001,17.8,20.1,445
Shahrood University of Technology,Iran,8.448,24.6,20.1,445
University of Tunis El Manar,Tunisia,33.923,10.1,20.1,445
Czech University of Life Sciences Prague (CULS),Czech Republic,17.065,20.4,20.0,446
North China Electric Power University,China,30.733,16.6,20.0,446
Wenzhou Medical University,China,15.970999999999998,11.7,20.0,446
Anadolu University,Turkey,830.1039999999999,493.5,19.9,447
Austral University of Chile,Chile,15.575,17.7,19.9,447
Ehime University,Japan,9.333,13.1,19.9,447
Federal University of S�o Carlos,Brazil,19.134,14.6,19.9,447
National Chung Hsing University,Taiwan,15.077,14.9,19.9,447
Showa University,Japan,3.659,2.1,19.9,447
Yokohama National University,Japan,9.889,12.5,19.9,447
Gunma University,Japan,6.473,7.7,19.8,448
Saitama University,Japan,8.579,14.3,19.8,448
St Petersburg Electrotechnical University (LETI),Russian Federation,8.021,12.5,19.8,448
University of Zanjan,Iran,9.98,25.1,19.8,448
Andr�s Bello University (UNAB),Chile,44.327,21.8,19.7,449
Chungnam National University,South Korea,21.908,19.9,19.7,449
Feng Chia University,Taiwan,19.84,23.1,19.7,449
Imam Abdulrahman Bin Faisal University,Saudi Arabia,24.763,8.5,19.7,449
London South Bank University,United Kingdom,12.168,16.5,19.7,449
University of Mumbai,India,7.874,18.1,19.7,449
Pontifical Catholic University of Valpara�so,Chile,15.935,24.4,19.7,449
Toyohashi University of Technology (TUT),Japan,2.135,8.8,19.7,449
Chiang Mai University,Thailand,35.013000000000005,15.5,19.6,450
Incheon National University,South Korea,13.499,22.3,19.6,450
Mohammed V University of Rabat,Morocco,81.914,33.4,19.6,450
Osaka Prefecture University,Japan,7.746,10.1,19.5,451
University of Toyama,Japan,9.133,12.0,19.5,451
Federal University of Cear� (UFC),Brazil,34.676,17.2,19.4,452
University of Manouba,Tunisia,18.361,13.5,19.4,452
Assiut University,Egypt,87.471,19.7,19.3,453
Gebze Technical University,Turkey,7.487,27.4,19.3,453
Silesian University of Technology,Poland,20.646,12.6,19.3,453
SWPS University of Social Sciences and Humanities,Poland,13.561,35.3,19.3,453
Catholic University of the North,Chile,11.870999999999999,19.6,19.2,454
Khon Kaen University,Thailand,38.655,19.7,19.2,454
Nara Medical University,Japan,1.24,3.3,19.2,454
Andhra University,India,9.785,16.6,19.1,455
Annamalai University,India,23.098000000000003,14.1,19.1,455
University of Antioquia,Colombia,41.388999999999996,24.0,19.1,455
University of Concepci�n,Chile,27.64,17.4,19.1,455
Federal University of Vi�osa,Brazil,17.595,14.0,19.1,455
Universitas Gadjah Mada,Indonesia,38.31,8.6,19.1,455
AGH University of Science and Technology,Poland,28.62,13.0,19.0,456
Belgorod State National Research University,Russian Federation,13.175,13.4,19.0,456
KIIT University,India,21.39,13.1,19.0,456
Tribhuvan University,Nepal,418.05300000000005,36.0,19.0,456
Zagazig University,Egypt,156.41899999999998,24.0,19.0,456
Federal University of ABC (UFABC),Brazil,14.422,20.9,18.9,457
Federal University of Bahia,Brazil,40.848,15.9,18.9,457
National University of Cuyo,Argentina,46.096000000000004,9.6,18.9,457
National Yunlin University of Science and Technology,Taiwan,9.215,24.9,18.9,457
Bah�e?ehir University,Turkey,16.458,38.3,18.8,458
The University of Electro-Communications,Japan,4.813,15.1,18.8,458
Nagaoka University of Technology,Japan,2.3,10.7,18.8,458
National University of C�rdoba,Argentina,59.45,10.4,18.8,458
Anna University,India,14.427999999999999,15.6,18.7,459
Belarusian State University,Belarus,27.101,8.4,18.7,459
University of Marrakech Cadi Ayyad,Morocco,102.0,65.7,18.7,459
Mie University,Japan,7.117999999999999,9.5,18.7,459
University of Peshawar,Pakistan,5.647,10.7,18.7,459
Saga University,Japan,6.7989999999999995,9.6,18.7,459
Tomas Bata University in Zl�n,Czech Republic,8.546,19.5,18.7,459
Banasthali University,India,10.355,19.1,18.6,460
Hosei University,Japan,30.969,40.7,18.5,461
Canterbury Christ Church University,United Kingdom,11.386,16.9,18.4,462
Federal University of Lavras,Brazil,14.024000000000001,19.4,18.4,462
Gifu University,Japan,7.194,7.6,18.4,462
L.N. Gumilyov Eurasian National University,Kazakhstan,17.205,5.3,18.4,462
University of West Bohemia,Czech Republic,10.54,15.2,18.4,462
Yamagata University,Japan,8.913,8.7,18.4,462
Azarbaijan Shahid Madani University,Iran,6.329,23.9,18.3,463
University of Carthage,Tunisia,32.088,10.1,18.3,463
Nicolaus Copernicus University in Toru?,Poland,22.438000000000002,11.1,18.3,463
Pontifical Catholic University of Paran�,Brazil,23.714000000000002,23.0,18.3,463
Southern Federal University,Russian Federation,19.038,9.1,18.3,463
Tokyo University of Marine Science and Technology,Japan,2.654,10.7,18.3,463
Kochi University,Japan,5.468999999999999,8.1,18.2,464
Nagoya Institute of Technology,Japan,5.6610000000000005,16.2,18.2,464
Sophia University,Japan,13.369000000000002,24.2,18.2,464
Lobachevsky State University of Nizhni Novgorod,Russian Federation,18.077,7.9,18.1,465
Minia University,Egypt,59.181000000000004,15.6,18.1,465
University of Miyazaki,Japan,5.4879999999999995,7.9,18.1,465
National Changhua University of Education,Taiwan,8.18,21.8,18.1,465
Ritsumeikan University,Japan,34.413000000000004,18.3,18.1,465
Y?ld?z Technical University,Turkey,36.946,33.5,18.1,465
Universit� Hassan II de Casablanca,Morocco,110.125,27.8,18.0,466
Kagoshima University,Japan,10.540999999999999,10.1,18.0,466
National Chung Cheng University,Taiwan,10.161,14.9,18.0,466
Novosibirsk State Technical University,Russian Federation,11.64,11.4,18.0,466
State University of Ponta Grossa,Brazil,11.911,12.5,18.0,466
"University of Technology, Iraq",Iraq,10.45,6.3,18.0,466
University of Valpara�so,Chile,16.211,18.5,18.0,466
Menoufia University,Egypt,84.587,36.4,17.9,467
Far Eastern Federal University,Russian Federation,15.600999999999999,10.3,17.8,468
Kitasato University,Japan,8.503,5.4,17.8,468
TOBB University of Economics and Technology,Turkey,5.836,16.8,17.8,468
University of Nigeria Nsukka,Nigeria,34.227,13.2,17.7,469
Rio de Janeiro State University (UERJ),Brazil,22.879,8.9,17.7,469
Federal University of Pernambuco,Brazil,34.071999999999996,12.8,17.6,470
Hallym University,South Korea,8.107999999999999,9.8,17.6,470
Kangwon National University,South Korea,23.127,23.1,17.6,470
Londrina State University,Brazil,26.685,15.3,17.6,470
University of the Sinos Valley,Brazil,21.715,23.7,17.6,470
Marmara University,Turkey,59.48,29.1,17.5,471
University of Mysore,India,7.81,21.3,17.5,471
Sofia University,Bulgaria,21.988000000000003,9.3,17.5,471
Tokai University,Japan,29.848000000000003,13.0,17.5,471
University of Engineering & Technology (UET) Lahore,Pakistan,14.654000000000002,14.5,17.4,472
I-Shou University,Taiwan,13.97,28.5,17.4,472
Ochanomizu University,Japan,2.775,14.8,17.4,472
Urmia University,Iran,13.5,28.6,17.4,472
Yamaguchi University,Japan,10.58,10.8,17.4,472
Szent Istv�n University,Hungary,12.796,18.7,17.3,473
Tzu Chi University,Taiwan,3.492,10.1,17.3,473
Yuan Ze University,Taiwan,8.356,19.5,17.3,473
Sim�n Bol�var University,Venezuela,10.273,24.9,17.2,474
Wroc?aw University of Science and Technology,Poland,28.329,14.8,17.2,474
"University of the Andes, Chile",Chile,8.402000000000001,14.4,17.1,475
Federal University of Paran� (UFPR),Brazil,34.528,14.2,17.1,475
Prince of Songkla University,Thailand,39.257,15.8,17.1,475
"University of Santiago, Chile (USACH)",Chile,22.818,24.3,17.1,475
Federal University of Rio Grande do Norte (UFRN),Brazil,42.573,17.1,17.0,476
University of Havana,Cuba,14.856,9.8,17.0,476
Kyoto Institute of Technology,Japan,3.989,13.0,17.0,476
Oita University,Japan,5.693,9.2,17.0,476
Osaka Medical College,Japan,1.248,2.7,17.0,476
University of the Ryukyus,Japan,8.222000000000001,10.9,17.0,476
Del Rosario University,Colombia,10.339,12.9,16.9,477
University of Gda?sk,Poland,27.859,17.1,16.9,477
Helwan University,Egypt,113.04299999999999,21.9,16.9,477
Manipal Academy of Higher Education,India,23.081999999999997,8.6,16.9,477
University of North Carolina Wilmington,United States,14.790999999999999,19.6,16.9,477
Sumy State University,Ukraine,9.293,10.4,16.9,477
University of Dar es Salaam,Tanzania,30.139,19.1,16.8,478
Kasetsart University,Thailand,68.067,22.2,16.8,478
Shizuoka University,Japan,9.956,13.6,16.8,478
Soongsil University,South Korea,15.515999999999998,18.3,16.8,478
University of Sousse,Tunisia,25.335,11.1,16.8,478
Federal University of Goi�s,Brazil,34.158,13.4,16.7,479
King Mongkut�s Institute of Technology Ladkrabang,Thailand,23.539,21.7,16.7,479
Kookmin University,South Korea,17.081,11.3,16.7,479
University of Monastir,Tunisia,19.973,9.7,16.7,479
Seoul National University of Science and Technology (SeoulTech),South Korea,11.912,17.2,16.7,479
Shimane University,Japan,6.086,7.6,16.7,479
South Ural State University,Russian Federation,28.84,17.1,16.7,479
University of Tlemcen,Algeria,43.446000000000005,24.5,16.7,479
Aoyama Gakuin University,Japan,19.143,11.4,16.6,480
Cukurova University,Turkey,42.418,19.6,16.6,480
University of Silesia in Katowice,Poland,24.174,12.8,16.6,480
Bogor Agricultural University,Indonesia,22.289,12.4,16.5,481
Fluminense Federal University,Brazil,55.501999999999995,15.4,16.5,481
VSB - Technical University of Ostrava,Czech Republic,13.380999999999998,14.7,16.5,481
Al-Azhar University,Egypt,342.151,32.6,16.4,482
Shiraz University of Medical Sciences,Iran,10.465,10.9,16.4,482
University of Shizuoka,Japan,3.002,11.6,16.4,482
Slovak University of Technology in Bratislava,Slovakia,13.107999999999999,13.3,16.4,482
Volgograd State Technical University,Russian Federation,14.764000000000001,15.0,16.4,482
University of Dhaka,Bangladesh,34.108000000000004,15.6,16.3,483
Lodz University of Technology,Poland,16.372,13.0,16.3,483
V.N. Karazin Kharkiv National University,Ukraine,17.109,9.1,16.3,483
Yazd University,Iran,13.745,30.2,16.3,483
Bahauddin Zakariya University,Pakistan,28.135,34.5,16.2,484
Guangxi University,China,36.083,16.9,16.2,484
Santa Catarina State University,Brazil,12.922,11.9,16.2,484
Shahid Bahonar University of Kerman,Iran,14.998,23.5,16.2,484
Technical University of Ko�ice,Slovakia,8.767000000000001,11.5,16.2,484
Thammasat University,Thailand,33.506,12.1,16.2,484
University of Bucharest,Romania,30.191999999999997,17.5,16.1,485
Federal University of Itajub�,Brazil,9.449,18.6,16.1,485
University of Pardubice,Czech Republic,7.266,13.7,16.1,485
Federal University of Ouro Preto,Brazil,13.823,16.3,16.0,486
Mendel University in Brno,Czech Republic,7.215,14.4,16.0,486
"University of the North, Colombia",Colombia,14.228,20.5,16.0,486
PMAS Arid Agriculture University Rawalpindi,Pakistan,12.452,52.1,16.0,486
Yeditepe University,Turkey,19.508,37.4,16.0,486
Grigore T. Popa University of Medicine and Pharmacy,Romania,9.375,11.1,15.9,487
Siksha �O� Anusandhan,India,11.703,9.9,15.9,487
Tottori University,Japan,6.096,7.5,15.9,487
Tamkang University,Taiwan,26.031999999999996,24.7,15.8,488
University of Tarapac�,Chile,8.708,25.1,15.8,488
Dokuz Eyl�l University,Turkey,62.843999999999994,19.3,15.7,489
Shibaura Institute of Technology Tokyo,Japan,7.886,24.0,15.7,489
State University of Santa Cruz,Brazil,3.9539999999999997,4.7,15.7,489
Taras Shevchenko National University of Kyiv,Ukraine,23.229,8.8,15.7,489
Vietnam National University (Ho Chi Minh City),Vietnam,63.479,21.7,15.7,489
Federal University of Esp�rito Santo,Brazil,24.924,13.3,15.6,490
Alzahra University,Iran,10.11,22.5,15.5,491
Ankara University,Turkey,69.737,19.1,15.5,491
Autonomous University of Quer�taro,Mexico,22.058000000000003,39.9,15.5,491
"University of Economics, Prague",Czech Republic,14.011,28.1,15.5,491
Yanshan University,China,32.748000000000005,15.3,15.5,491
Amity University,India,29.623,15.0,15.4,492
University of Hradec Kr�lov�,Czech Republic,6.611000000000001,15.1,15.4,492
University of Montenegro,Montenegro,19.171,27.3,15.4,492
Federal University of Health Sciences of Porto Alegre (UFCSPA),Brazil,3.6210000000000004,10.7,15.3,493
Chubu University,Japan,12.533,24.1,15.2,494
Gaziantep University,Turkey,37.903,38.1,15.2,494
SRM Institute of Science and Technology,India,51.031000000000006,15.6,15.2,494
Technical University of Liberec,Czech Republic,5.321000000000001,9.5,15.2,494
Autonomous University of Yucat�n,Mexico,15.206,13.6,15.1,495
University of Guanajuato,Mexico,26.034000000000002,19.8,15.1,495
Iwate University,Japan,5.516,13.8,15.1,495
Technical University of Cluj-Napoca,Romania,19.745,17.9,15.1,495
Akita University,Japan,4.942,9.8,15.0,496
Federal University of Santa Maria,Brazil,27.285,14.1,15.0,496
Gazi University,Turkey,77.346,30.3,15.0,496
Moscow Aviation Institute,Russian Federation,15.248,11.7,15.0,496
Multimedia University,Malaysia,11.08,13.3,15.0,496
Siberian Federal University,Russian Federation,23.8,16.7,15.0,496
Tunghai University,Taiwan,15.704,26.8,15.0,496
Yarmouk University,Jordan,35.353,30.4,15.0,496
Ege University,Turkey,46.056000000000004,21.0,14.9,497
University of ?�d?,Poland,31.191999999999997,14.1,14.9,497
Sel�uk University,Turkey,48.591,19.4,14.9,497
Srinakharinwirot University,Thailand,22.247,17.4,14.9,497
Universiti Malaysia Sarawak (UNIMAS),Malaysia,15.972999999999999,18.8,14.8,498
Sechenov University,Russian Federation,15.354000000000001,8.2,14.8,498
Universiti Teknologi MARA,Malaysia,54.483000000000004,17.1,14.8,498
Naresuan University,Thailand,22.863000000000003,15.6,14.7,499
West University of Timi?oara,Romania,13.55,18.0,14.7,499
University of Fukui,Japan,5.02,9.3,14.6,500
Hashemite University,Jordan,15.654000000000002,17.8,14.6,500
Kwansei Gakuin University,Japan,24.766,23.8,14.6,500
Alexandru Ioan Cuza University,Romania,23.124000000000002,18.1,14.5,501
Cochin University of Science and Technology,India,8.271,18.5,14.5,501
Gubkin Russian State University of Oil and Gas,Russian Federation,8.406,11.8,14.5,501
Kansai University,Japan,30.346,11.2,14.5,501
Slovak University of Agriculture in Nitra,Slovakia,6.57,14.1,14.5,501
PSG College of Technology,India,8.325,14.6,14.5,501
Shahed University,Iran,6.35,19.4,14.5,501
University of Biskra,Algeria,34.037,24.5,14.4,502
University of Colombo,Sri Lanka,22.322,29.6,14.4,502
Polytechnic University of Bucharest,Romania,29.436999999999998,13.5,14.4,502
University of Hyogo,Japan,6.566,12.8,14.3,503
Silpakorn University,Thailand,24.541999999999998,19.8,14.3,503
Autonomous University of San Luis Potosi,Mexico,32.012,9.5,14.2,504
University of Constantine 1,Algeria,35.382,20.5,14.2,504
Federal University of Par�,Brazil,48.114,19.6,14.2,504
GITAM University,India,17.226,14.2,14.2,504
Latvia University of Life Sciences and Technologies,Latvia,4.216,36.9,14.2,504
Polytechnic University of Timi?oara,Romania,12.645999999999999,20.4,14.2,504
Kazan National Research Technological University,Russian Federation,15.26,10.7,14.1,505
Maharaja Sayajirao University of Baroda,India,39.251999999999995,27.2,14.1,505
Mahasarakham University,Thailand,38.192,29.3,14.1,505
Meiji University,Japan,33.309,11.7,14.1,505
Meijo University,Japan,15.412,31.4,14.0,506
Moscow Power Engineering Institute,Russian Federation,11.422,14.7,14.0,506
University of South China,China,21.401,10.0,14.0,506
"University of the Andes, Venezuela",Venezuela,42.198,16.8,13.9,507
Ufa State Aviation Technical University,Russian Federation,14.110999999999999,5.6,13.9,507
Ac?badem University,Turkey,2.342,4.3,13.8,508
National Polytechnic University (IPN),Mexico,177.983,10.8,13.8,508
Pontifical Bolivarian University (UPB) � Medell�n,Colombia,15.118,12.6,13.8,508
"University of Veterinary and Animal Sciences, Lahore",Pakistan,5.794,28.5,13.8,508
Ivan Franko National University of Lviv,Ukraine,16.22,8.6,13.7,509
Ming Chuan University,Taiwan,18.59,22.7,13.7,509
National Chin-Yi University of Technology,Taiwan,7.1579999999999995,24.9,13.7,509
University of Science and Technology of Oran Mohamed-Boudiaf,Algeria,22.049,11.7,13.7,509
State University of Maring�,Brazil,22.62,12.5,13.7,509
Tokat Gaziosmanpa?a University,Turkey,23.679000000000002,20.9,13.7,509
Akdeniz University,Turkey,42.861999999999995,35.9,13.6,510
Autonomous University of Puebla,Mexico,69.982,33.2,13.6,510
Michoac�n University of San Nicol�s of Hidalgo,Mexico,40.381,30.2,13.6,510
National University of Kaohsiung,Taiwan,5.55,23.3,13.6,510
Autonomous University of Sinaloa,Mexico,72.792,21.5,13.5,511
National Chiayi University,Taiwan,12.219000000000001,26.3,13.5,511
Pirogov Russian National Research Medical University,Russian Federation,8.078,6.3,13.4,512
University of B�o-B�o,Chile,12.955,24.7,13.3,513
Kanagawa University,Japan,18.104,14.6,13.3,513
Kaunas University of Technology,Lithuania,9.956,14.7,13.3,513
Sathyabama Institute of Science and Technology,India,14.380999999999998,16.9,13.3,513
Ba?kent University,Turkey,12.515999999999998,11.0,13.2,514
Kogakuin University,Japan,6.505,17.4,13.2,514
Tokyo University of Agriculture,Japan,12.220999999999998,33.9,13.2,514
Federal University of Alagoas,Brazil,24.076999999999998,13.2,13.1,515
Ibaraki University,Japan,8.181000000000001,15.2,13.1,515
King Mongkut's University of Technology North Bangkok,Thailand,26.846,24.9,13.1,515
University of Sciences and Technology Houari Boumediene,Algeria,41.865,22.5,13.1,515
Federal Rural University of the Semi-Arid Region,Brazil,5.872000000000001,7.7,13.0,516
University of Sargodha,Pakistan,26.206,34.0,13.0,516
Voronezh State University,Russian Federation,15.245999999999999,11.0,13.0,516
Doshisha University,Japan,28.309,18.8,12.9,517
University of Guadalajara,Mexico,123.932,55.6,12.9,517
Ivane Javakhishvili Tbilisi State University,Georgia,19.67,23.9,12.9,517
Utsunomiya University,Japan,4.872,13.4,12.9,517
Autonomous University of Nuevo Le�n,Mexico,207.52,54.1,12.8,518
Chaoyang University of Technology,Taiwan,16.787,41.9,12.8,518
National Technical University Kharkiv Polytechnic Institute,Ukraine,13.411,8.4,12.8,518
Tamil Nadu Agricultural University,India,6.279,7.6,12.7,519
Tokyo City University,Japan,7.481,14.9,12.6,520
M'Hamed Bougara University of Boumerd�s,Algeria,31.075,21.1,12.5,521
Perm National Research Polytechnic University,Russian Federation,8.922,9.0,12.5,521
University of Brawijaya,Indonesia,52.975,18.9,12.4,522
Federal University of Technology � Paran�,Brazil,35.177,14.0,12.3,523
National University of the South,Argentina,20.987,16.0,12.3,523
Toyo University,Japan,32.404,30.5,12.3,523
Autonomous University of Baja California,Mexico,59.507,17.7,12.2,524
Istanbul Medipol University,Turkey,26.215,29.4,12.2,524
Government College University Lahore,Pakistan,9.986,24.1,12.1,525
University of Sonora,Mexico,29.921,20.9,12.1,525
Western Paran� State University (Unioeste),Brazil,11.927,9.1,12.1,525
Autonomous University of Hidalgo State (UAEH),Mexico,34.995,18.2,12.0,526
Autonomous University of the State of Mexico,Mexico,57.588,22.2,12.0,526
University of Birjand,Iran,11.0,24.4,12.0,526
Ondokuz Mayis University,Turkey,36.179,33.0,11.9,527
Perm State University,Russian Federation,9.252,10.5,11.7,528
Federal University of Mato Grosso do Sul,Brazil,25.018,18.0,11.5,529
MIREA - Russian Technological University,Russian Federation,19.965,17.0,11.5,529
S�leyman Demirel University,Turkey,46.705,27.5,11.5,529
Chiba Institute of Technology,Japan,9.763,30.4,11.4,530
Cear� State University,Brazil,20.174,17.8,11.3,531
Pontifical Catholic University of Minas Gerais,Brazil,34.101,21.3,11.2,532
Bashkir State University,Russian Federation,15.235999999999999,11.1,11.1,533
University of Caxias do Sul,Brazil,17.101,24.9,11.0,534
Tokyo Denki University,Japan,9.285,25.6,10.7,535
